Workbook
Name GliderTypes: 'Glider Model'!$D$122:$D$123

Sheet Revision Info
B1: Revision Information
A3: Revision | B3: Date | C3: ECO | D3: Revised By | E3: Description
B4: 38398 | D4: Tim Scholz | E4: Addition of top level worksheet.
B5: 38517 | D5: Tim Scholz | E5: Added Revision worksheet. Modified for addition of Tadarin Battery packs. Added additional functionality to the top level for error checking and additional calculations.
B6: 38518 | D6: Tim Scholz | E6: Added new 1000 meter pump numbers
B7: 38617 | D7: Tim Scholz | E7: Changed Li batteries from c-cell to DD-cells
B8: 38963 | D8: Tim Scholz | E8: Changed Alkaline battery derating curve ot be less aggressive. Added battery loss due to pump current.
B9: 39023 | D9: Tim Scholz | E9: Added battery loss for Lithium cells. Tadarin assumed to be equal.
B10: 39490 | D10: Tim Scholz | E10: Changed Li batteries to CSC C-cells
B11: 39591 | D11: Tim Scholz | E11: Changed Li batteries to include DD-cells
B12: 39960 | D12: C Jones | E12: BAM at 30 ma 40% duty for deep
B13: 39961 | D13: C Jones | E13: BAM at 30 ma 20% duty for deep
B14: 40695 | D14: H Fargher | E14: Added remaining days & distance, as well as calculated data transmission
B15: 40708 | D15: H Fargher | E15: Ensured use for both 200m and 1000m gliders with user-defined additional sensors.
B16: 40806 | D16: H Fargher | E16: Accounted for acoustic-modem communicaton with data nodes.
A17: A | B17: 40807 | C17: ECO-428 | D17: D Pingal | E17: Fixed current consumption numbers for attitude, altutide
A18: 4 | B18: 40809 | D18: D Pingal | E18: Fixed optode, spare sensors calculations
A19: B Draft | B19: 40961 | D19: D Pingal | E19: Merged / corrected coastal vs Open Ocean energy capacity calculations
A20: B | B20: 40973 | D20: D Pingal | E20: Fixed sensor calculations, buoyancy pump power
A21: C | B21: 41201 | D21: D Pingal | E21: Incorporated OO test data, added Amp hr / day

Sheet User Guide

Sheet Glider Parameters
C3: Slocum Glider Endurance Tool
C5: Mission Parameters | F5: =IF(F6>F17,"Error! Profile Too Deep!","") | H5: Calculated Parameters
E6: Maximum Profile Depth (Meters): | F6: 200 | J6: Trajectory Angle (Degrees): | K6: =ATAN(F9/F8)*180/PI() -> 21.370622
E7: Minimum Profile Depth (Meters): | F7: 1 | J7: Profile Duration (Minutes): | K7: =(F6-F7)/F9*2/60 -> 73.703704
E8: Horizontal Velocity (Meters/Sec.): | F8: 0.23 | J8: Profile Distance (Meters): | K8: =F8*K7*60 -> 1017.1111
E9: Vertical Velocity (Meters/Sec.): | F9: 0.09 | J9: Number of Profiles Between Surfacing: | K9: =IF(F11="n",F12,IF(F11="t",F12/K7,F12/K8)) -> 6
C10: Profile Parameters: | J10: Time Between Surfacing (minutes): | K10: =IF(F11="n",F12*K7+2*F7/F9/60,IF(F11="t",F12,F12/F8/60)) -> 442.59259
E11: T = Time, N = Profile Number, D = Distance: | F11: N | J11: Distance Between Surfacing (km): | K11: =K10*F8/1000*60 -> 6.1077778
E12: =IF(F11="n","Number of Profiles before surface:",IF(F11="t","Time before surface (Minutes):",IF(F11="d","Distance before surface (Meters):","ERROR! Enter T, N, or D for Profile Type."))) -> Number of Profiles before surface: | F12: 6 | K12: ='Glider Model'!Q6 -> 26768508
E13: Surface Time (Minutes): | F13: 15 | K13: ='Glider Model'!Q7 -> 119.32333
E14: Avg. Operating Temperature (C): | F14: 8 | K14: ='Glider Model'!Q8 -> 2293.4019
C16: Glider Configuration | K16: ='Glider Model'!Q9 -> 119.32333
E17: Pump Installed (200 or 1000 Meter): | F17: 1000 | K17: ='Glider Model'!Q10 -> 2293.4019
C18: 1 = enabled | E18: Pinger | F18: 0 | H18: =IF(F18=0,"",IF(F18=1,"","ERROR! Please enter 0 or 1.")) | K18: =F27*10*'Glider Model'!Z8 -> 689.91
C19: 0 = disabled | E19: Altimeter | F19: 1 | J19: Ah per day (Slocum & Standard Sensors): | K19: ='Glider Model'!T15*(24/10.8) -> 5.7699567
E20: Freewave | F20: 1 | J20: Total Ah per day (Thruster and Extra Sensors) | K20: =(K43/100*11.2)+(F50*1.6)+(F51*11.2)+(F52*1.6)+(F53*6.4)+K19 -> 25.769957
E21: PTT | F21: 0
C22: Glider Type | E22: Coastal
H23: Calculated Data Transmission
C24: Battery Configuration | H24: =IF(F26<>"lc",IF(F26<>"ld",IF(F26<>"a",IF(F26<>"t","ERROR! Enter Battery Type.",""),""),""),"")
C25: Battery Chemistry: | I25: Daily transmission (kbytes/day): | K25: ='Glider Model'!Y4 -> 13.341901
E26: A=Alkaline, Ld=Li DD: | F26: Ld | I26: Total transmission (kbytes): | K26: ='Glider Model'!Y5 -> 1592
E27: =IF(F26="t","Number of Li Packs:",IF(F26="a","Number of C-Cells",IF(F26="lc","Number of C-Cells:",IF(F26="ld","Number of DD-Cells:","ERROR")))) -> Number of DD-Cells: | F27: =IF($E$22="Coastal",78,114) -> 78
C28: Battery type: | D28: R=Rechargeable, P= Primary | E28: P | H28: Endurance
C29: Extended Energy Bay: | D29: 1=available, 0=absent | E29: 0
E30: =IF(AND(E29>0, F51>0), "Error: EK80 integration can't support Extended Energy bay", "") | I30: Total number of days | K30: =ROUND(IF(AND(E28="P",E29=0),550,IF(AND(E28="P",E29=1),800,IF(AND(E28="R",E29=0),215,IF(AND(E28="R",E29=1),300,0))))/K20,0) -> 21
C31: Battery Usage | I31: Approximate Distance covered (km) | K31: =20*K30 -> 420
E32: Remaining energy (%): | F32: 100
C34: Standard Science Configuration
K35: 0
C36: 1 = enabled | E36: CTD | F36: 1 | K36: 0
C37: 0 = disabled | E37: Motherboard | F37: 0.5 | K37: 1
C38: 0.N = fraction enabled
E39: Persistor | F39: 0.5
E40: Aanderaa Optode | F40: 1
E41: Explorer 600 kHz DVL | F41: 0
E42: FLBBCD-SLK | F42: 1 | H42: Thruster Use (at 7W)
E43: Biospherical QSP-2150 | F43: 0 | J43: Usage (%): | K43: 50
C46: Extra Sensors
C48: 1 = enabled
C49: 0 = disabled
C50: 0.N = fraction enabled | D50: UVP6 | F50: 1
D51: EK80 | F51: 1
D52: Hydrophone | F52: 1
D53: eDNA | F53: 0

Sheet Glider Model
B1: Electric Glider Power Summary | L1: Minimum Depth: | M1: ='Glider Parameters'!F7 -> 1 | S1: Battery Derating Information | Z1: Pump time | AC1: 0.001707
F2: Energy Configuration | J2: Mission Parameters | M2: =IF(M3>M9,"Error! Profile Too Deep!","") | N2: Calculated Parameters (Glider) | S2: Battery Type: | T2: ='Glider Parameters'!F26 -> Ld | V2: Calculated Data Transmission | Z2: 200 m | AC2: -0.0765
B3: Origination Date: | D3: 41201 | F3: Main | H3: Number of Li Packs: | I3: =IF(T2="Ld",'Glider Parameters'!F27,0) -> 78 | L3: Profile Depth (Meters): | M3: ='Glider Parameters'!F6 -> 200 | P3: Trajectory Angle (Degrees): | Q3: =ATAN(M5/M4)*180/PI() -> 21.370622 | S3: Temp | U3: derating factor | Z3: =IF(M3<34,17,0.00074*M3^2-0.0364*M3+17.4) -> 39.72 | AC3: 1.239
B4: Last Edited: | C4: by: | D4: dp | H4: Number of C-Cells: | I4: =IF(T2="Ld",0,'Glider Parameters'!F27) -> 0 | L4: Horizontal Velocity (Meters/Sec.): | M4: ='Glider Parameters'!F8 -> 0.23 | P4: Profile Duration (Minutes): | Q4: ='Glider Parameters'!K7 -> 73.703704 | R4: =Q7*24*60/(Q4*M6+M7)*M6 -> 2254.8194 | S4: (C) | T4: alkaline | U4: lithium | V4: Daily transmission (kbytes/day): | Y4: =SUM(X16, X31, X45) + R110 -> 13.341901 | Z4: 1000 m | AC4: -8.692
H5: Stored Energy (Joules): | I5: =30000*I4+I3*388000 -> 30264000 | L5: Vertical Velocity (Meters/Sec.): | M5: ='Glider Parameters'!F9 -> 0.09 | P5: Profile Distance (Meters): | Q5: ='Glider Parameters'!K8 -> 1017.1111 | S5: 0 | T5: 0.7 | U5: 0.77 | V5: Total transmission (kbytes): | Y5: =SUM(Y16, Y31, Y45) + (Q7*R110) -> 1592 | Z5: =IF(M3<600, 199, 0.00013*M3^2-0.12*M3+225)*F116 -> 166.49535 | AC5: 23.42
B6: Comment: | D6: is measured Data | F6: Emergency | H6: Number of D-Cells: | I6: 0 | L6: # of Profiles before surface: | M6: ='Glider Parameters'!F12 -> 6 | P6: Derated Energy (Joules): | Q6: =I5*Z8*IF(Z9>1,1,Z9) -> 26768508 | S6: 10 | T6: 0.85 | U6: 0.88
D7: is calculated data | H7: Number of C-Cells: | I7: ='Glider Parameters'!F29 -> 0 | L7: Surface Time (Minutes): | M7: ='Glider Parameters'!F13 -> 15 | P7: Calculated Duration (Days): | Q7: =Q6/24/3600/(T15 + R112) -> 119.32333 | S7: 20 | T7: 1 | U7: 1
H8: Stored Energy (Joules): | I8: =I7*30000+I6*60000 -> 0 | L8: Avg. Operating Temperature (C): | M8: ='Glider Parameters'!F14 -> 8 | P8: Calculated distance (km): | Q8: =Q7*24*3600*Q4*M6/(Q4*M6+M7)*M4/1000 -> 2293.4019 | U8: Temperature Derating (%): | Z8: =IF(T2="a",IF(M8<20,0.7+M8*0.015,1),M8*0.1925/20+0.8075) -> 0.8845
H9: End of Life Voltage (VDC): | I9: ='Glider Parameters'!F28 -> 0 | L9: Pump Installed (100, 200, or 1000 Meter): | M9: ='Glider Parameters'!F17 -> 1000 | N9: Calculated Remaining Duration (Days): | Q9: =Q7 * I10 / 100 -> 119.32333 | U9: End Voltage Derating (%): | Z9: =IF(T2="a",AC$1*I9^4+AC$2*I9^3+AC$3*I9^2+AC$4*I9+AC$5,IF(T2="l",IF(I9<=12.1,1,0.83),IF(I9<=13,1,0.83))) -> 1
B10: Average battery voltage (VDC): | D10: =IF(T$2="a",12,IF(LEFT(T$2, 1)="l",10.8,14.4)) -> 10.8 | F10: Useage | H10: Remaining Energy (%): | I10: ='Glider Parameters'!F32 -> 100 | N10: Calculated Remaining Distance (km): | Q10: =Q8 * I10 / 100 -> 2293.4019
P11: Per Surface Period Data
K12: Profile Time | M12: Surface Time | O12: Total | S12: Rolled Up Data | W12: Sensor Data
B13: Glider Component | D13: On V avg. | E13: On I avg | F13: On P avg. | G13: Current at | H13: 10 VDC P | I13: Off Current | J13: Off Power | K13: On Time | L13: Interval | M13: On Time | N13: Interval | O13: On Time | P13: Off Time | Q13: Duty Cycle | R13: On Energy | S13: Off Energy | T13: Energy/Sec. | U13: Percent | V13: Record | W13: Period | X13: Daily | Y13: Total
C14: Level | D14: (VDC) | E14: (A) | F14: (W) | G14: 10 VDC (A) | H14: (W) | I14: 13 VDC (A) | J14: 13 VDC (W) | K14: (Sec) | L14: (Sec) | M14: (Sec) | N14: (Sec) | O14: (Sec) | P14: (Sec) | Q14: (%) | R14: (J) | S14: (J) | T14: (J/s) | U14: of Total | V14: (Bytes) | W14: (Sec) | X14: (KBytes) | Y14: (Kbytes) | Z14: Multiplier | AA14: Comments | AB14: Potential Improvements
A15: 1 | B15: Glider Top Level | R15: =SUM(R16,R31,R45) -> 77913.611 | S15: =SUM(S16,S31,S45) -> 13.530482 | T15: =SUM(T16,T31,T45) -> 2.5964805 | U15: =T15/T$15 -> 1
A16: =A15+1 -> 2 | B16: FWD Chassis | C16: 1 | R16: =SUM(R17,R22,R25,R26,R27,R30,) -> 42772.955 | S16: =SUM(S17,S22,S25,S26,S27,S30,) -> 0.99743248 | T16: =SUM(T17,T22,T25,T26,T27,T30,) -> 1.4219158 | U16: =T16/T$15 -> 0.54763198 | X16: =SUM(X17:X30) -> 0 | Y16: =SUM(Y17:Y30) -> 0 | Z16: 1
A17: =A16+1 -> 3 | B17: Buoyancy Pump | C17: 2 | R17: =SUM(R18:R21) -> 33245.18 | S17: =SUM(S18:S21) -> 0.00041147375 | T17: =SUM(T18:T21) -> 1.2118535 | U17: =T17/T$15 -> 0.46672928 | Z17: 1
A18: =A17+1 -> 4 | B18: Feedback Pot | C18: 3 | D18: 2.5 | E18: 0.00025 | F18: =D18*E18 -> 0.000625 | G18: 0.00025 | H18: 0.000625 | I18: 0 | J18: 0 | K18: =K19+K20 -> 481.63535 | L18: =L19 -> 4422.2222 | M18: 0 | N18: 600 | O18: =(Q$4*60*M$6)/L18*K18+M$7*60/N18*M18 -> 2889.8121 | P18: =(Q$4*M$6+M$7)*60-O18 -> 24543.521 | Q18: =O18/(O18+P18) -> 0.10533944 | R18: =F18*O18 -> 1.8061325 | S18: =J18*P18 -> 0 | T18: =((S18+R18)/(Q$4*M$6+M$7)/60)*Z18 -> 6.5837152e-05 | U18: =T18/T$15 -> 2.5356305e-05 | Z18: 1
A19: =A18+1 -> 5 | B19: Pump | C19: 3 | D19: =$D$10 -> 10.8 | E19: =IF(M9=1000,1.672+0.006*M3,(3970*M3/M9+39.5)/1000) -> 2.872 | F19: =D19*E19 -> 31.0176 | I19: 0 | J19: 0 | K19: =IF(M9=200,Z3,Z5) -> 166.49535 | L19: =Q4*60 -> 4422.2222 | M19: 0 | N19: =M$7*60 -> 900 | O19: =(Q$4*60*M$6)/L19*K19+M$7*60/N19*M19 -> 998.97207 | P19: =(Q$4*M$6+M$7)*60-O19 -> 26434.361 | Q19: =O19/(O19+P19) -> 0.036414535 | R19: =F19*O19 -> 30985.716 | S19: =J19*P19 -> 0 | T19: =((S19+R19)/(Q$4*M$6+M$7)/60)*Z19 -> 1.1294915 | U19: =T19/T$15 -> 0.43500865 | Z19: 1 | AB19: Increase efficiency of motor and transmission
A20: =A19+1 -> 6 | B20: Pump Retraction | C20: 3 | D20: =$D$10 -> 10.8 | E20: =IF(M9=1000,0.11,0.198) -> 0.11 | F20: =D20*E20 -> 1.188 | K20: =IF(M9=100,8,IF(M9=200,17,IF(M1<50,320-4.86*M1,0))) -> 315.14 | L20: =Q4*60 -> 4422.2222 | M20: 0 | N20: =M$7*60 -> 900 | O20: =(Q$4*60*M$6)/L20*K20+M$7*60/N20*M20 -> 1890.84 | P20: =(Q$4*M$6+M$7)*60-O20 -> 25542.493 | Q20: =O20/(O20+P20) -> 0.068924909 | R20: =F20*O20 -> 2246.3179 | S20: =J20*P20 -> 0 | T20: =((S20+R20)/(Q$4*M$6+M$7)/60)*Z20 -> 0.081882792 | U20: =T20/T$15 -> 0.03153607 | Z20: 1 | AB20: Self returning piston?
A21: =A20+1 -> 7 | B21: Brake | C21: 3 | D21: =$D$10 -> 10.8 | E21: 0.6 | F21: =D21*E21 -> 6.48 | I21: 1e-09 | J21: =I21*15 -> 1.5e-08 | K21: 0.25 | L21: =Q$4*60 -> 4422.2222 | M21: 0.25 | N21: =M$7*60 -> 900 | O21: =(Q$4*60*M$6)/L21*K21+M$7*60/N21*M21 -> 1.75 | P21: =(Q$4*M$6+M$7)*60-O21 -> 27431.583 | Q21: =O21/(O21+P21) -> 6.3791009e-05 | R21: =F21*O21 -> 11.34 | S21: =J21*P21 -> 0.00041147375 | T21: =((S21+R21)/(Q$4*M$6+M$7)/60)*Z21 -> 0.00041338073 | U21: =T21/T$15 -> 0.0001592081 | Z21: 1
A22: =A21+1 -> 8 | B22: Pitch Motor | C22: 2 | R22: =SUM(R23:R24) -> 870.36508 | S22: =SUM(S23:S24) -> 0.000405512 | T22: =SUM(T23:T24) -> 0.031726567 | U22: =T22/T$15 -> 0.012219066 | Z22: 1
A23: =A22+1 -> 9 | B23: Feedback Pot | C23: 3 | D23: 2.5 | E23: 0.00025 | F23: =D23*E23 -> 0.000625 | G23: 0.00025 | H23: 0.000625 | I23: 0 | J23: 0 | K23: =K24 -> 66.533333 | L23: =Q$4*60 -> 4422.2222 | M23: 0 | N23: =M$7*60 -> 900 | O23: =(Q$4*60*M$6)/L23*K23+M$7*60/N23*M23 -> 399.2 | P23: =(Q$4*M$6+M$7)*60-O23 -> 27034.133 | Q23: =O23/(O23+P23) -> 0.01455164 | R23: =F23*O23 -> 0.2495 | S23: =J23*P23 -> 0 | T23: =((S23+R23)/(Q$4*M$6+M$7)/60)*Z23 -> 9.0947752e-06 | U23: =T23/T$15 -> 3.502732e-06 | Z23: 1
A24: =A23+1 -> 10 | B24: Motor | C24: 3 | D24: =$D$10 -> 10.8 | E24: 0.17778052 | F24: 2.1796483 | G24: 0.16670107 | H24: 1.5516735 | I24: 1e-09 | J24: =I24*15 -> 1.5e-08 | K24: =40+L24*0.006 -> 66.533333 | L24: =Q$4*60 -> 4422.2222 | M24: 0 | N24: =M$7*60 -> 900 | O24: =(Q$4*60*M$6)/L24*K24+M$7*60/N24*M24 -> 399.2 | P24: =(Q$4*M$6+M$7)*60-O24 -> 27034.133 | Q24: =O24/(O24+P24) -> 0.01455164 | R24: =F24*O24 -> 870.11558 | S24: =J24*P24 -> 0.000405512 | T24: =((S24+R24)/(Q$4*M$6+M$7)/60)*Z24 -> 0.031717472 | U24: =T24/T$15 -> 0.012215563 | Z24: 1
A25: =A24+1 -> 11 | B25: Altimeter | C25: 2 | D25: =$D$10 -> 10.8 | E25: 0.034 | F25: =D25*E25 -> 0.3672 | I25: 0 | J25: 0 | K25: =L25*0.5*3.3/4 -> 1824.1667 | L25: =Q$4*60 -> 4422.2222 | M25: 0 | N25: =M$7*60 -> 900 | O25: =(Q$4*60*M$6)/L25*K25+M$7*60/N25*M25 -> 10945 | P25: =(Q$4*M$6+M$7)*60-O25 -> 16488.333 | Q25: =O25/(O25+P25) -> 0.39896719 | R25: =F25*O25 -> 4019.004 | S25: =J25*P25 -> 0 | T25: =((S25+R25)/(Q$4*M$6+M$7)/60)*Z25 -> 0.14650075 | U25: =T25/T$15 -> 0.056422821 | Z25: =IF('Glider Parameters'!$E$22="Coastal",G$122,G$123)*'Glider Parameters'!F19 -> 1
A26: =A25+1 -> 12 | B26: Pinger Module | C26: 2 | D26: =$D$10 -> 10.8 | E26: 0.14 | F26: 70 | I26: 2.8e-06 | J26: =I26*13 -> 3.64e-05 | K26: 0.016 | L26: 8 | M26: =0.016*360/60/M$7 -> 0.0064 | N26: 8 | O26: =(Q$4*60*M$6)/L26*K26+M$7*60/N26*M26 -> 53.786667 | P26: =(Q$4*M$6+M$7)*60-O26 -> 27379.547 | Q26: =O26/(O26+P26) -> 0.0019606318 | R26: =F26*O26 -> 3765.0667 | S26: =J26*P26 -> 0.9966155 | T26: =((S26+R26)/(Q$4*M$6+M$7)/60)*Z26 -> 0 | U26: =T26/T$15 -> 0 | Z26: ='Glider Parameters'!F18 -> 0
A27: =A26+1 -> 13 | B27: Battery Losses | C27: 2 | R27: =SUM(R28:R29) -> 873.22751 | S27: =SUM(S28:S29) -> 0 | T27: =SUM(T28:T29) -> 0.031830893 | U27: =T27/T$15 -> 0.012259246 | Z27: 1
A28: =A27+1 -> 14 | B28: Battery Leakage | C28: 3 | D28: =$D$10 -> 10.8 | E28: =Q$6/365/2/24/3600/D28*0.075 -> 0.0029473049 | F28: =E28*D28 -> 0.031830893 | K28: =L28 -> 4422.2222 | L28: =Q$4*60 -> 4422.2222 | M28: =N28 -> 900 | N28: =M$7*60 -> 900 | O28: =(Q$4*60*M$6)/L28*K28+M$7*60/N28*M28 -> 27433.333 | P28: =(Q$4*M$6+M$7)*60-O28 -> 0 | Q28: =O28/(O28+P28) -> 1 | R28: =F28*O28 -> 873.22751 | S28: =J28*P28 -> 0 | T28: =((S28+R28)/(Q$4*M$6+M$7)/60)*Z28 -> 0.031830893 | U28: =T28/T$15 -> 0.012259246 | Z28: 1
A29: =A28+1 -> 15 | B29: Battery Loss | C29: 3 | D29: =IF(I4=0,0,IF(T2="a",100/I4*E29,1.35/I4*E29)) -> 0 | E29: =E19 -> 2.872 | F29: =E29*D29 -> 0 | K29: =K19 -> 166.49535 | L29: =Q$4*60 -> 4422.2222 | M29: =M19 -> 0 | N29: =M$7*60 -> 900 | O29: =(Q$4*60*M$6)/L29*K29+M$7*60/N29*M29 -> 998.97207 | P29: =(Q$4*M$6+M$7)*60-O29 -> 26434.361 | Q29: =O29/(O29+P29) -> 0.036414535 | R29: =F29*O29 -> 0 | S29: =J29*P29 -> 0 | T29: =((S29+R29)/(Q$4*M$6+M$7)/60)*Z29 -> 0 | U29: =T29/T$15 -> 0 | Z29: 1
A30: =A29+1 -> 16 | B30: Leak Detector | C30: 2 | D30: 5 | E30: =D30/100000 -> 5e-05 | F30: =E30*D30 -> 0.00025 | K30: 0.065 | L30: 4 | M30: 0.065 | N30: 4 | O30: =(Q$4*60*M$6)/L30*K30+M$7*60/N30*M30 -> 445.79167 | P30: =(Q$4*M$6+M$7)*60-O30 -> 26987.542 | Q30: =O30/(O30+P30) -> 0.01625 | R30: =F30*O30 -> 0.11144792 | S30: =J30*P30 -> 0 | T30: =((S30+R30)/(Q$4*M$6+M$7)/60)*Z30 -> 4.0625e-06 | U30: =T30/T$15 -> 1.564618e-06 | Z30: 1
A31: =A30+1 -> 17 | B31: Science Bay | C31: 1 | R31: =SUM(R32,R36:R41,R44) -> 28744.925 | S31: =SUM(S32,S36:S41,S44) -> 0.162 | T31: =SUM(T32,T36:T41,T44) -> 0.94335917 | U31: =T31/T$15 -> 0.36332226 | X31: =SUM(X33:X44) -> 13.341901 | Y31: =SUM(Y33:Y44) -> 1592 | Z31: 1
A32: =A31+1 -> 18 | B32: Quad UART | C32: 2 | R32: =SUM(R33:R35) -> 5731.2 | S32: =SUM(S33:S35) -> 0 | T32: =SUM(T33:T35) -> 0.10445687 | U32: =T32/T$15 -> 0.040230175 | Z32: 1
A33: =A32+1 -> 19 | B33: UART | C33: 3 | D33: =$D$10 -> 10.8 | E33: 0.0046 | F33: =D33*E33 -> 0.04968 | K33: =MAX(K34,K36:K38) -> 4422.2222 | L33: =Q$4*60 -> 4422.2222 | M33: 0 | N33: =M$7*60 -> 900 | O33: =(Q$4*60*M$6)/L33*K33+M$7*60/N33*M33 -> 26533.333 | P33: =(Q$4*M$6+M$7)*60-O33 -> 900 | Q33: =O33/(O33+P33) -> 0.9671932 | R33: =F33*O33 -> 1318.176 | S33: =J33*P33 -> 0 | T33: =((S33+R33)/(Q$4*M$6+M$7)/60)*Z33 -> 0.024025079 | U33: =T33/T$15 -> 0.0092529403 | Z33: ='Glider Parameters'!F37 -> 0.5
A34: =A33+1 -> 20 | B34: U4S | C34: 3 | D34: =$D$10 -> 10.8 | E34: 0.0181 | F34: =D34*E34 -> 0.19548 | K34: =L34*'Glider Parameters'!F38 -> 0 | L34: =Q$4*60 -> 4422.2222 | M34: 0 | N34: =M$7*60 -> 900 | O34: =(Q$4*60*M$6)/L34*K34+M$7*60/N34*M34 -> 0 | P34: =(Q$4*M$6+M$7)*60-O34 -> 27433.333 | Q34: =O34/(O34+P34) -> 0 | R34: =F34*O34 -> 0 | S34: =J34*P34 -> 0 | T34: =((S34+R34)/(Q$4*M$6+M$7)/60)*Z34 -> 0 | U34: =T34/T$15 -> 0 | Z34: ='Glider Parameters'!F38 -> 0 | AA34: 0
A35: =A34+1 -> 21 | B35: Persistor | C35: 3 | D35: =$D$10 -> 10.8 | E35: 0.0154 | F35: =D35*E35 -> 0.16632 | K35: =MAX(K33,K34) -> 4422.2222 | L35: =Q$4*60 -> 4422.2222 | M35: 0 | N35: =M$7*60 -> 900 | O35: =(Q$4*60*M$6)/L35*K35+M$7*60/N35*M35 -> 26533.333 | P35: =(Q$4*M$6+M$7)*60-O35 -> 900 | Q35: =O35/(O35+P35) -> 0.9671932 | R35: =F35*O35 -> 4413.024 | S35: =J35*P35 -> 0 | T35: =((S35+R35)/(Q$4*M$6+M$7)/60)*Z35 -> 0.080431786 | U35: =T35/T$15 -> 0.030977235 | Z35: ='Glider Parameters'!F39 -> 0.5 | AA35: Note: Current measured using CONSCI subroutine
A36: =A34+1 -> 21 | B36: Optode | C36: 2 | D36: 5 | E36: 0.02 | F36: =D36*E36 -> 0.1 | K36: =L36*'Glider Parameters'!F40 -> 4422.2222 | L36: =Q$4*60 -> 4422.2222 | M36: 0 | N36: =M$7*60 -> 900 | O36: =(Q$4*60*M$6)/L36*K36+M$7*60/N36*M36 -> 26533.333 | P36: =(Q$4*M$6+M$7)*60-O36 -> 900 | Q36: =O36/(O36+P36) -> 0.9671932 | R36: =F36*O36 -> 2653.3333 | S36: =J36*P36 -> 0 | T36: =((S36+R36)/(Q$4*M$6+M$7)/60)*Z36 -> 0.09671932 | U36: =T36/T$15 -> 0.037250162 | V36: 40 | W36: 1 | X36: =Y36 / Q7 -> 8.8946005 | Y36: =O36*V36/(1000*W36) -> 1061.3333 | Z36: ='Glider Parameters'!F40 -> 1
A37: =A35+1 -> 22 | B37: TRDI Explorer DVL | C37: 2 | D37: =$D$10 -> 10.8 | E37: 0.185 | F37: =D37*E37 -> 1.998 | K37: =L37*'Glider Parameters'!F41 -> 0 | L37: =Q$4*60 -> 4422.2222 | M37: 0 | N37: =M$7*60 -> 900 | O37: =(Q$4*60*M$6)/L37*K37+M$7*60/N37*M37 -> 0 | P37: =(Q$4*M$6+M$7)*60-O37 -> 27433.333 | Q37: =O37/(O37+P37) -> 0 | R37: =F37*O37 -> 0 | S37: =J37*P37 -> 0 | T37: =((S37+R37)/(Q$4*M$6+M$7)/60)*Z37 -> 0 | U37: =T37/T$15 -> 0 | V37: 819 | W37: 30 | X37: =Y37 / Q7 -> 0 | Y37: =O37*V37/(1000*W37) -> 0 | Z37: ='Glider Parameters'!F41 -> 0
A38: =A37+1 -> 23 | B38: FLBBCD-SLK | C38: 2 | D38: =$D$10 -> 10.8 | E38: 0.049 | F38: =D38*E38 -> 0.5292 | K38: =L38*'Glider Parameters'!F42 -> 4422.2222 | L38: =Q$4*60 -> 4422.2222 | M38: 0 | N38: =M$7*60 -> 900 | O38: =(Q$4*60*M$6)/L38*K38+M$7*60/N38*M38 -> 26533.333 | P38: =(Q$4*M$6+M$7)*60-O38 -> 900 | Q38: =O38/(O38+P38) -> 0.9671932 | R38: =F38*O38 -> 14041.44 | S38: =J38*P38 -> 0 | T38: =((S38+R38)/(Q$4*M$6+M$7)/60)*Z38 -> 0.51183864 | U38: =T38/T$15 -> 0.19712786 | V38: 8 | W38: 1 | X38: =Y38/Q7 -> 1.7789201 | Y38: =O38*V38/(1000*W38) -> 212.26667 | Z38: ='Glider Parameters'!F42 -> 1
A39: =A38+1 -> 24 | B39: Bioshperical QSP-2150 | C39: 2 | D39: =$D$10 -> 10.8 | E39: 0.0417 | F39: =D39*E39 -> 0.45036 | K39: =L39*'Glider Parameters'!F43 -> 0 | L39: =Q$4*60 -> 4422.2222 | M39: 0 | N39: =M$7*60 -> 900 | O39: =(Q$4*60*M$6)/L39*K39+M$7*60/N39*M39 -> 0 | P39: =(Q$4*M$6+M$7)*60-O39 -> 27433.333 | Q39: =O39/(O39+P39) -> 0 | R39: =F39*O39 -> 0 | S39: =J39*P39 -> 0 | T39: =((S39+R39)/(Q$4*M$6+M$7)/60)*Z39 -> 0 | U39: =T39/T$15 -> 0 | Z39: ='Glider Parameters'!F43 -> 0
A40: =A38+1 -> 24 | B40: Spare Sensor | C40: 2 | D40: =$D$10 -> 10.8 | E40: 0 | F40: =D40*E40 -> 0 | K40: =L40/(2-'Glider Parameters'!F$35) -> 2211.1111 | L40: =Q$4*60 -> 4422.2222 | M40: 0 | N40: =M$7*60 -> 900 | O40: =(Q$4*60*M$6)/L40*K40+M$7*60/N40*M40 -> 13266.667 | P40: =(Q$4*M$6+M$7)*60-O40 -> 14166.667 | Q40: =O40/(O40+P40) -> 0.4835966 | R40: =F40*O40 -> 0 | S40: =J40*P40 -> 0 | T40: =((S40+R40)/(Q$4*M$6+M$7)/60)*Z40 -> 0 | U40: =T40/T$15 -> 0 | Z40: ='Glider Parameters'!F44 -> 0
A41: =A40+1 -> 25 | B41: 3.3 VDC regulator | C41: 2 | R41: =SUM(R42:R43) -> 2542.0049 | S41: =SUM(S42:S43) -> 0 | T41: =SUM(T42:T43) -> 0.092661176 | U41: =T41/T$15 -> 0.035687222 | Z41: 1 | AA41: Note: 65% efficiency. Power is Vin*Iin*0.65 | AB41: Replace with switching supply
A42: =A41+1 -> 26 | B42: Persistor Power | C42: 3 | D42: =$D$10 -> 10.8 | E42: =E79*3.3/D42/0.85 -> 0.016859477 | F42: =D42*E42*0.5 -> 0.091041176 | K42: =L42 -> 4422.2222 | L42: =Q$4*60 -> 4422.2222 | M42: =N42 -> 900 | N42: =M$7*60 -> 900 | O42: =(Q$4*60*M$6)/L42*K42+M$7*60/N42*M42 -> 27433.333 | P42: =(Q$4*M$6+M$7)*60-O42 -> 0 | Q42: =O42/(O42+P42) -> 1 | R42: =F42*O42 -> 2497.5629 | S42: =J42*P42 -> 0 | T42: =((S42+R42)/(Q$4*M$6+M$7)/60)*Z42 -> 0.091041176 | U42: =T42/T$15 -> 0.035063301 | Z42: 1
A43: =A42+1 -> 27 | B43: Regulator power | C43: 3 | D43: =$D$10 -> 10.8 | E43: 0.00015 | F43: =E43*D43 -> 0.00162 | I43: 0 | J43: 0 | K43: =L43 -> 26533.333 | L43: =Q$4*M$6*60 -> 26533.333 | M43: =N43 -> 900 | N43: =M$7*60 -> 900 | O43: =(Q$4*60*M$6)/L43*K43+M$7*60/N43*M43 -> 27433.333 | P43: =(Q$4*M$6+M$7)*60-O43 -> 0 | Q43: =O43/(O43+P43) -> 1 | R43: =F43*O43 -> 44.442 | S43: =J43*P43 -> 0 | T43: =((S43+R43)/(Q$4*M$6+M$7)/60)*Z43 -> 0.00162 | U43: =T43/T$15 -> 0.0006239215 | Z43: 1
A44: =A43+1 -> 28 | B44: Seabird CTD | C44: 2 | D44: =$D$10 -> 10.8 | E44: 0.10949842 | F44: 0.14234722 | G44: =13.4010944625407/1000 -> 0.013401094 | H44: 0.129958 | I44: 1.2e-05 | J44: =I44*15 -> 0.00018 | K44: =L44*'Glider Parameters'!F36 -> 4422.2222 | L44: =Q$4*60 -> 4422.2222 | M44: 0 | N44: =M$7*60 -> 900 | O44: =(Q$4*60*M$6)/L44*K44+M$7*60/N44*M44 -> 26533.333 | P44: =(Q$4*M$6+M$7)*60-O44 -> 900 | Q44: =O44/(O44+P44) -> 0.9671932 | R44: =F44*O44 -> 3776.9463 | S44: =J44*P44 -> 0.162 | T44: =((S44+R44)/(Q$4*M$6+M$7)/60)*Z44 -> 0.13768317 | U44: =T44/T$15 -> 0.053026845 | V44: 12 | W44: 1 | X44: =Y44/Q7 -> 2.6683801 | Y44: =O44*V44/(1000*W44) -> 318.4 | Z44: ='Glider Parameters'!F36 -> 1
A45: =A44+1 -> 29 | B45: AFT Chassis | C45: 1 | R45: =SUM(R47,R80:R82,R85:R89,R93:R99) -> 6395.732 | S45: =SUM(S47,S80:S82,S85:S89,S93:S99) -> 12.37105 | T45: =SUM(T47,T80:T82,T85:T89,T93:T99) -> 0.23120556 | U45: =T45/T$15 -> 0.089045754 | X45: =SUM(X46:X99) -> 0 | Y45: =SUM(Y46:Y99) -> 0 | Z45: 1
A46: =A45+1 -> 30 | B46: Emergency Battery | C46: 2 | D46: =$D$10 -> 10.8 | E46: =I8/365/2/24/3600/D46/2*0.2*Z8 -> 0 | F46: =E46*D46 -> 0 | K46: =L46 -> 4422.2222 | L46: =Q$4*60 -> 4422.2222 | M46: =N46 -> 900 | N46: =M$7*60 -> 900 | O46: =(Q$4*60*M$6)/L46*K46+M$7*60/N46*M46 -> 27433.333 | P46: =(Q$4*M$6+M$7)*60-O46 -> 0 | Q46: =O46/(O46+P46) -> 1 | R46: =F46*O46 -> 0 | S46: =J46*P46 -> 0 | T46: =((S46+R46)/(Q$4*M$6+M$7)/60)*Z46 -> 0 | U46: =T46/T$15 -> 0 | Z46: 1
A47: =A46+1 -> 31 | B47: Control Board | C47: 2 | R47: =SUM(R48:R53,R57:R79) -> 5035.2146 | S47: =SUM(S48:S53,S57:S79) -> 12.370642 | T47: =SUM(T48:T53,T57:T79) -> 0.1839946 | U47: =T47/T$15 -> 0.070863079 | Z47: 1
A48: =A47+1 -> 32 | B48: Air Solinoid Driver | C48: 3 | D48: =13-6.75 -> 6.25 | E48: 0.5 | F48: =D48*E48 -> 3.125 | G48: 0.5 | H48: =3.25*G48 -> 1.625 | I48: 0 | J48: 0 | K48: 0 | L48: =Q$4*60 -> 4422.2222 | M48: 0.15 | N48: =M$7*60 -> 900 | O48: =(Q$4*60*M$6)/L48*K48+M$7*60/N48*M48 -> 0.15 | P48: =(Q$4*M$6+M$7)*60-O48 -> 27433.183 | Q48: =O48/(O48+P48) -> 5.4678007e-06 | R48: =F48*O48 -> 0.46875 | S48: =J48*P48 -> 0 | T48: =((S48+R48)/(Q$4*M$6+M$7)/60)*Z48 -> 1.7086877e-05 | U48: =T48/T$15 -> 6.580784e-06 | Z48: 1
A49: =A48+1 -> 33 | B49: Air Pump Driver | C49: 3 | D49: =E49*0.1 -> 0.0099 | E49: =E90 -> 0.099 | F49: =D49*E49 -> 0.0009801 | I49: 0 | J49: 0 | K49: 0 | L49: =Q$4*60 -> 4422.2222 | M49: 90 | N49: =M$7*60 -> 900 | O49: =(Q$4*60*M$6)/L49*K49+M$7*60/N49*M49 -> 90 | P49: =(Q$4*M$6+M$7)*60-O49 -> 27343.333 | Q49: =O49/(O49+P49) -> 0.0032806804 | R49: =F49*O49 -> 0.088209 | S49: =J49*P49 -> 0 | T49: =((S49+R49)/(Q$4*M$6+M$7)/60)*Z49 -> 3.2153949e-06 | U49: =T49/T$15 -> 1.2383667e-06 | Z49: 1
A50: =A49+1 -> 34 | B50: Burn Wire Driver | C50: 3 | D50: =$D$10 -> 10.8 | E50: 0.3 | F50: =E50*D50 -> 3.24 | I50: 1e-07 | J50: =D50*I50 -> 1.08e-06 | K50: 0 | L50: =Q$4*60 -> 4422.2222 | M50: 0 | N50: =M$7*60 -> 900 | O50: =(Q$4*60*M$6)/L50*K50+M$7*60/N50*M50 -> 0 | P50: =(Q$4*M$6+M$7)*60-O50 -> 27433.333 | Q50: =O50/(O50+P50) -> 0 | R50: =F50*O50 -> 0 | S50: =J50*P50 -> 0.029628 | T50: =((S50+R50)/(Q$4*M$6+M$7)/60)*Z50 -> 1.08e-06 | U50: =T50/T$15 -> 4.1594767e-07 | Z50: 1
A51: =A50+1 -> 35 | B51: Opto Power Driver | C51: 3 | D51: 5 | E51: 0 | F51: =D51*E51 -> 0 | K51: 0 | L51: =Q$4*60 -> 4422.2222 | M51: 0 | N51: =M$7*60 -> 900 | O51: =(Q$4*60*M$6)/L51*K51+M$7*60/N51*M51 -> 0 | P51: =(Q$4*M$6+M$7)*60-O51 -> 27433.333 | Q51: =O51/(O51+P51) -> 0 | R51: =F51*O51 -> 0 | S51: =J51*P51 -> 0 | T51: =((S51+R51)/(Q$4*M$6+M$7)/60)*Z51 -> 0 | U51: =T51/T$15 -> 0 | Z51: 1
A52: =A51+1 -> 36 | B52: Battery Select Switch | C52: 3 | D52: =E52*0.02 -> 0.0039945854 | E52: =T15/13 -> 0.19972927 | F52: =0.00313*0.158 -> 0.00049454 | K52: =L52 -> 4422.2222 | L52: =Q$4*60 -> 4422.2222 | M52: =N52 -> 900 | N52: =M$7*60 -> 900 | O52: =(Q$4*60*M$6)/L52*K52+M$7*60/N52*M52 -> 27433.333 | P52: =(Q$4*M$6+M$7)*60-O52 -> 0 | Q52: =O52/(O52+P52) -> 1 | R52: =F52*O52 -> 13.566881 | S52: =J52*P52 -> 0 | T52: =((S52+R52)/(Q$4*M$6+M$7)/60)*Z52 -> 0.00049454 | U52: =T52/T$15 -> 0.00019046552 | Z52: 1
A53: =A52+1 -> 37 | B53: 5 VDC regulator | C53: 3 | R53: =SUM(R54:R56) -> 334.83623 | S53: =SUM(S54:S56) -> 0 | T53: =SUM(T54:T56) -> 0.012205452 | U53: =T53/T$15 -> 0.0047007678 | Z53: 1 | AA53: Note: 65% efficiency. Power is Vin*Iin*0.65
A54: =A53+1 -> 38 | B54: Regulator power | C54: 4 | D54: =$D$10 -> 10.8 | E54: 0.00015 | F54: =E54*D54 -> 0.00162 | I54: 0 | J54: 0 | K54: =L54 -> 4422.2222 | L54: =Q$4*60 -> 4422.2222 | M54: =N54 -> 900 | N54: =M$7*60 -> 900 | O54: =(Q$4*60*M$6)/L54*K54+M$7*60/N54*M54 -> 27433.333 | P54: =(Q$4*M$6+M$7)*60-O54 -> 0 | Q54: =O54/(O54+P54) -> 1 | R54: =F54*O54 -> 44.442 | S54: =J54*P54 -> 0 | T54: =((S54+R54)/(Q$4*M$6+M$7)/60)*Z54 -> 0.00162 | U54: =T54/T$15 -> 0.0006239215 | Z54: 1
A55: =A54+1 -> 39 | B55: GPS power | C55: 4 | D55: =$D$10 -> 10.8 | E55: =E81*5/D55/0.65 -> 0.066239316 | F55: =E55*D55 -> 0.71538462 | K55: 0 | L55: =Q$4*M$6*60 -> 26533.333 | M55: 240 | N55: =M$7*60 -> 900 | O55: =(Q$4*60*M$6)/L55*K55+M$7*60/N55*M55 -> 240 | P55: =(Q$4*M$6+M$7)*60-O55 -> 27193.333 | Q55: =O55/(O55+P55) -> 0.0087484812 | R55: =F55*O55 -> 171.69231 | S55: =J55*P55 -> 0 | T55: =((S55+R55)/(Q$4*M$6+M$7)/60)*Z55 -> 0.0062585288 | U55: =T55/T$15 -> 0.0024103893 | Z55: 1
A56: =A55+1 -> 40 | B56: TCM3,optode power | C56: 4 | D56: =$D$10 -> 10.8 | E56: =(E88+(E37*Z37))*5/D56/0.65 -> 0.010683761 | F56: =E56*D56 -> 0.11538462 | K56: =K88 -> 0.15 | L56: =L88 -> 4 | M56: =M88 -> 0.15 | N56: =N88 -> 4 | O56: =(Q$4*60*M$6)/L56*K56+M$7*60/N56*M56 -> 1028.75 | P56: =(Q$4*M$6+M$7)*60-O56 -> 26404.583 | Q56: =O56/(O56+P56) -> 0.0375 | R56: =F56*O56 -> 118.70192 | S56: =J56*P56 -> 0 | T56: =((S56+R56)/(Q$4*M$6+M$7)/60)*Z56 -> 0.0043269231 | U56: =T56/T$15 -> 0.001666457 | Z56: 1
A57: =A56+1 -> 41 | B57: 5 VDC backup regulator | C57: 3 | D57: 8 | E57: =E64 -> 0.00016 | F57: =D57*E57 -> 0.00128 | K57: =L57 -> 4422.2222 | L57: =Q$4*60 -> 4422.2222 | M57: =N57 -> 900 | N57: =M$7*60 -> 900 | O57: =(Q$4*60*M$6)/L57*K57+M$7*60/N57*M57 -> 27433.333 | P57: =(Q$4*M$6+M$7)*60-O57 -> 0 | Q57: =O57/(O57+P57) -> 1 | R57: =F57*O57 -> 35.114667 | S57: =J57*P57 -> 0 | T57: =((S57+R57)/(Q$4*M$6+M$7)/60)*Z57 -> 0.00128 | U57: =T57/T$15 -> 0.00049297501 | Z57: 1
A58: =A57+1 -> 42 | B58: Buoyancy Pump Drive | C58: 3 | D58: =E58*0.02 -> 0.05744 | E58: =E19 -> 2.872 | F58: =D58*E58 -> 0.16496768 | K58: =K19 -> 166.49535 | L58: =L19 -> 4422.2222 | M58: =M19 -> 0 | N58: =N19 -> 900 | O58: =(Q$4*60*M$6)/L58*K58+M$7*60/N58*M58 -> 998.97207 | P58: =(Q$4*M$6+M$7)*60-O58 -> 26434.361 | Q58: =O58/(O58+P58) -> 0.036414535 | R58: =F58*O58 -> 164.79811 | S58: =J58*P58 -> 0 | T58: =((S58+R58)/(Q$4*M$6+M$7)/60)*Z58 -> 0.0060072213 | U58: =T58/T$15 -> 0.0023136016 | Z58: 1 | AA58: Note: Most of this loss is in the wires, connectors, and batteries | AB58: Improved Overcurrent protection
A59: =A58+1 -> 43 | B59: Pump Brake Drive | C59: 3 | T59: =((S59+R59)/(Q$4*M$6+M$7)/60)*Z59 -> 0 | U59: =T59/T$15 -> 0 | Z59: 1
A60: =A59+1 -> 44 | B60: Fin Motor Drive | C60: 3 | D60: =E60*0.8 -> 0.16752 | E60: =E83 -> 0.2094 | F60: =E60*D60 -> 0.035078688 | K60: 1 | L60: 30 | M60: 0 | N60: =M$7*60 -> 900 | O60: =(Q$4*60*M$6)/L60*K60+M$7*60/N60*M60 -> 884.44444 | P60: =(Q$4*M$6+M$7)*60-O60 -> 26548.889 | Q60: =O60/(O60+P60) -> 0.032239773 | R60: =F60*O60 -> 31.025151 | S60: =J60*P60 -> 0 | T60: =((S60+R60)/(Q$4*M$6+M$7)/60)*Z60 -> 0.0011309289 | U60: =T60/T$15 -> 0.00043556227 | Z60: 1
A61: =A60+1 -> 45 | B61: Pitch Motor Drive | C61: 3 | D61: =E61*0.8 -> 0.14222441 | E61: =E24 -> 0.17778052 | F61: =D61*E61 -> 0.025284729 | K61: 7.5 | L61: =Q$4*60 -> 4422.2222 | M61: 0 | N61: =M$7*60 -> 900 | O61: =(Q$4*60*M$6)/L61*K61+M$7*60/N61*M61 -> 45 | P61: =(Q$4*M$6+M$7)*60-O61 -> 27388.333 | Q61: =O61/(O61+P61) -> 0.0016403402 | R61: =F61*O61 -> 1.1378128 | S61: =J61*P61 -> 0 | T61: =((S61+R61)/(Q$4*M$6+M$7)/60)*Z61 -> 4.1475558e-05 | U61: =T61/T$15 -> 1.5973761e-05 | Z61: 1
A62: =A61+1 -> 46 | B62: Altimeter Drive | C62: 3 | T62: =((S62+R62)/(Q$4*M$6+M$7)/60)*Z62 -> 0 | U62: =T62/T$15 -> 0 | Z62: 1
A63: =A62+1 -> 47 | B63: Leak Detector Drive | C63: 3 | D63: 5 | E63: =D63/100000 -> 5e-05 | F63: =E63*D63 -> 0.00025 | K63: 0.065 | L63: 4 | M63: 0.065 | N63: 4 | O63: =(Q$4*60*M$6)/L63*K63+M$7*60/N63*M63 -> 445.79167 | P63: =(Q$4*M$6+M$7)*60-O63 -> 26987.542 | Q63: =O63/(O63+P63) -> 0.01625 | R63: =F63*O63 -> 0.11144792 | S63: =J63*P63 -> 0 | T63: =((S63+R63)/(Q$4*M$6+M$7)/60)*Z63 -> 4.0625e-06 | U63: =T63/T$15 -> 1.564618e-06 | Z63: 1
A64: =A63+1 -> 48 | B64: Pinger Driver | C64: 3 | D64: 5 | E64: =0.00016 -> 0.00016 | F64: =D64*E64 -> 0.0008 | K64: =L64 -> 4422.2222 | L64: =Q$4*60 -> 4422.2222 | M64: =N64 -> 900 | N64: =M$7*60 -> 900 | O64: =(Q$4*60*M$6)/L64*K64+M$7*60/N64*M64 -> 27433.333 | P64: =(Q$4*M$6+M$7)*60-O64 -> 0 | Q64: =O64/(O64+P64) -> 1 | R64: =F64*O64 -> 21.946667 | S64: =J64*P64 -> 0 | T64: =((S64+R64)/(Q$4*M$6+M$7)/60)*Z64 -> 0.0008 | U64: =T64/T$15 -> 0.00030810938 | Z64: 1
A65: =A64+1 -> 49 | B65: P and Vac. Power | C65: 3 | D65: 10 | E65: 0.0035 | F65: =D65*E65 -> 0.035 | I65: 2.2e-05 | J65: =I65*D65 -> 0.00022 | K65: 0.07 | L65: 4 | M65: 0 | N65: =M$7*60 -> 900 | O65: =(Q$4*60*M$6)/L65*K65+M$7*60/N65*M65 -> 464.33333 | P65: =(Q$4*M$6+M$7)*60-O65 -> 26969 | Q65: =O65/(O65+P65) -> 0.016925881 | R65: =F65*O65 -> 16.251667 | S65: =J65*P65 -> 5.93318 | T65: =((S65+R65)/(Q$4*M$6+M$7)/60)*Z65 -> 0.00080868214 | U65: =T65/T$15 -> 0.00031145319 | Z65: 1
A66: =A65+1 -> 50 | B66: Pressure and Vac Sense | C66: 3 | D66: =$D$10 -> 10.8 | E66: 0.0026 | F66: =D66*E66 -> 0.02808 | I66: 2.2e-05 | J66: =I66*D66 -> 0.0002376 | K66: 0.07 | L66: 4 | M66: 0 | N66: =M$7*60 -> 900 | O66: =(Q$4*60*M$6)/L66*K66+M$7*60/N66*M66 -> 464.33333 | P66: =(Q$4*M$6+M$7)*60-O66 -> 26969 | Q66: =O66/(O66+P66) -> 0.016925881 | R66: =F66*O66 -> 13.03848 | S66: =J66*P66 -> 6.4078344 | T66: =((S66+R66)/(Q$4*M$6+M$7)/60)*Z66 -> 0.00070885715 | U66: =T66/T$15 -> 0.00027300692 | Z66: 1
A67: =A66+1 -> 51 | B67: Battery Sense | C67: 3 | D67: =$D$10 -> 10.8 | E67: =D67/70400 -> 0.00015340909 | F67: =D67*E67 -> 0.0016568182 | K67: 0.2 | L67: 4 | M67: 0.2 | N67: 2 | O67: =(Q$4*60*M$6)/L67*K67+M$7*60/N67*M67 -> 1416.6667 | P67: =(Q$4*M$6+M$7)*60-O67 -> 26016.667 | Q67: =O67/(O67+P67) -> 0.05164034 | R67: =F67*O67 -> 2.3471591 | S67: =J67*P67 -> 0 | T67: =((S67+R67)/(Q$4*M$6+M$7)/60)*Z67 -> 8.5558655e-05 | U67: =T67/T$15 -> 3.295178e-05 | Z67: 1
A68: =A67+1 -> 52 | B68: A/D Conversion | C68: 3 | D68: 5 | E68: =0.0018/4 -> 0.00045 | F68: =E68*D68 -> 0.00225 | K68: =L68 -> 4422.2222 | L68: =Q$4*60 -> 4422.2222 | M68: =N68 -> 900 | N68: =M$7*60 -> 900 | O68: =(Q$4*60*M$6)/L68*K68+M$7*60/N68*M68 -> 27433.333 | P68: =(Q$4*M$6+M$7)*60-O68 -> 0 | Q68: =O68/(O68+P68) -> 1 | R68: =F68*O68 -> 61.725 | S68: =J68*P68 -> 0 | T68: =((S68+R68)/(Q$4*M$6+M$7)/60)*Z68 -> 0.00225 | U68: =T68/T$15 -> 0.00086655764 | Z68: 1
A69: =A68+1 -> 53 | B69: Feedback Pot Driver | C69: 3 | D69: =$D$10 -> 10.8 | E69: =E84+E18+E23 -> 0.00075 | F69: =D69*E69 -> 0.0081 | K69: 1 | L69: 30 | M69: 0 | N69: =M$7*60 -> 900 | O69: =(Q$4*60*M$6)/L69*K69+M$7*60/N69*M69 -> 884.44444 | P69: =(Q$4*M$6+M$7)*60-O69 -> 26548.889 | Q69: =O69/(O69+P69) -> 0.032239773 | R69: =F69*O69 -> 7.164 | S69: =J69*P69 -> 0 | T69: =((S69+R69)/(Q$4*M$6+M$7)/60)*Z69 -> 0.00026114216 | U69: =T69/T$15 -> 0.00010057544 | Z69: 1
A70: =A69+1 -> 54 | B70: DIO | C70: 3 | D70: 5 | E70: 0.0002 | F70: =E70*D70 -> 0.001 | K70: =L70 -> 4422.2222 | L70: =Q$4*60 -> 4422.2222 | M70: =N70 -> 900 | N70: =M$7*60 -> 900 | O70: =(Q$4*60*M$6)/L70*K70+M$7*60/N70*M70 -> 27433.333 | P70: =(Q$4*M$6+M$7)*60-O70 -> 0 | Q70: =O70/(O70+P70) -> 1 | R70: =F70*O70 -> 27.433333 | S70: =J70*P70 -> 0 | T70: =((S70+R70)/(Q$4*M$6+M$7)/60)*Z70 -> 0.001 | U70: =T70/T$15 -> 0.00038513673 | Z70: 1
A71: =A70+1 -> 55 | B71: Persistor Interface | C71: 3 | D71: 5 | E71: 1.2e-07 | F71: =E71*D71 -> 6e-07 | K71: =L71 -> 4422.2222 | L71: =Q$4*60 -> 4422.2222 | M71: =N71 -> 900 | N71: =M$7*60 -> 900 | O71: =(Q$4*60*M$6)/L71*K71+M$7*60/N71*M71 -> 27433.333 | P71: =(Q$4*M$6+M$7)*60-O71 -> 0 | Q71: =O71/(O71+P71) -> 1 | R71: =F71*O71 -> 0.01646 | S71: =J71*P71 -> 0 | T71: =((S71+R71)/(Q$4*M$6+M$7)/60)*Z71 -> 6e-07 | U71: =T71/T$15 -> 2.3108204e-07 | Z71: 1
A72: =A71+1 -> 56 | B72: Argos Interface | C72: 3 | D72: =E72*0.11 -> 0.0169697 | E72: =E85+0.00027 -> 0.15427 | F72: =D72*E72 -> 0.0026179156 | K72: 0 | L72: =Q$4*60 -> 4422.2222 | M72: 3.93 | N72: 90 | O72: =(Q$4*60*M$6)/L72*K72+M$7*60/N72*M72 -> 39.3 | P72: =(Q$4*M$6+M$7)*60-O72 -> 27394.033 | Q72: =O72/(O72+P72) -> 0.0014325638 | R72: =F72*O72 -> 0.10288408 | S72: =J72*P72 -> 0 | T72: =((S72+R72)/(Q$4*M$6+M$7)/60)*Z72 -> 3.7503311e-06 | U72: =T72/T$15 -> 1.4443903e-06 | Z72: 1
A73: =A72+1 -> 57 | B73: Attitude Interface | C73: 3 | D73: =E73*0.07 -> 5.39e-05 | E73: =E87+0.00077 -> 0.00077 | F73: =E73*D73 -> 4.1503e-08 | K73: 0.4 | L73: 15 | M73: 0 | N73: 15 | O73: =(Q$4*60*M$6)/L73*K73+M$7*60/N73*M73 -> 707.55556 | P73: =(Q$4*M$6+M$7)*60-O73 -> 26725.778 | Q73: =O73/(O73+P73) -> 0.025791819 | R73: =F73*O73 -> 2.9365678e-05 | S73: =J73*P73 -> 0 | T73: =((S73+R73)/(Q$4*M$6+M$7)/60)*Z73 -> 1.0704378e-09 | U73: =T73/T$15 -> 4.1226493e-10 | Z73: 1
A74: =A73+1 -> 58 | B74: CTD/Iridium Interface | C74: 3 | D74: =E74*0.28 -> 0.0002156 | E74: =E46+0.00077 -> 0.00077 | F74: =E74*D74 -> 1.66012e-07 | K74: =L74/2 -> 2211.1111 | L74: =Q$4*60 -> 4422.2222 | M74: 0 | N74: =M$7*60 -> 900 | O74: =(Q$4*60*M$6)/L74*K74+M$7*60/N74*M74 -> 13266.667 | P74: =(Q$4*M$6+M$7)*60-O74 -> 14166.667 | Q74: =O74/(O74+P74) -> 0.4835966 | R74: =F74*O74 -> 0.0022024259 | S74: =J74*P74 -> 0 | T74: =((S74+R74)/(Q$4*M$6+M$7)/60)*Z74 -> 8.0282838e-08 | U74: =T74/T$15 -> 3.091987e-08 | Z74: 1
A75: =A74+1 -> 59 | B75: Science/Iridium Interface | C75: 3 | D75: =E75*0.28 -> 0.0002156 | E75: =E92+0.00077 -> 0.00077 | F75: =D75*E75 -> 1.66012e-07 | K75: 0 | L75: =Q$4*60 -> 4422.2222 | M75: =M92 -> 771 | N75: =M$7*60 -> 900 | O75: =(Q$4*60*M$6)/L75*K75+M$7*60/N75*M75 -> 771 | P75: =(Q$4*M$6+M$7)*60-O75 -> 26662.333 | Q75: =O75/(O75+P75) -> 0.028104496 | R75: =F75*O75 -> 0.00012799525 | S75: =J75*P75 -> 0 | T75: =((S75+R75)/(Q$4*M$6+M$7)/60)*Z75 -> 4.6656835e-09 | U75: =T75/T$15 -> 1.7969261e-09 | Z75: 1
A76: =A75+1 -> 60 | B76: GPS Interface | C76: 3 | D76: =E76*0.07 -> 0.0065289 | E76: =E81+0.00027 -> 0.09327 | F76: =E76*D76 -> 0.0006089505 | K76: 0 | L76: =Q$4*60 -> 4422.2222 | M76: 240 | N76: =M$7*60 -> 900 | O76: =(Q$4*60*M$6)/L76*K76+M$7*60/N76*M76 -> 240 | P76: =(Q$4*M$6+M$7)*60-O76 -> 27193.333 | Q76: =O76/(O76+P76) -> 0.0087484812 | R76: =F76*O76 -> 0.14614812 | S76: =J76*P76 -> 0 | T76: =((S76+R76)/(Q$4*M$6+M$7)/60)*Z76 -> 5.327392e-06 | U76: =T76/T$15 -> 2.0517743e-06 | Z76: 1
A77: =A76+1 -> 61 | B77: FreeWave Interface | C77: 3 | D77: =E77*0.28 -> 0.00504 | E77: =E94 -> 0.018 | F77: =E77*D77 -> 9.072e-05 | K77: 0 | L77: =Q$4*60 -> 4422.2222 | M77: =M$7*60 -> 900 | N77: =M$7*60 -> 900 | O77: =(Q$4*60*M$6)/L77*K77+M$7*60/N77*M77 -> 900 | P77: =(Q$4*M$6+M$7)*60-O77 -> 26533.333 | Q77: =O77/(O77+P77) -> 0.032806804 | R77: =F77*O77 -> 0.081648 | S77: =J77*P77 -> 0 | T77: =((S77+R77)/(Q$4*M$6+M$7)/60)*Z77 -> 2.9762333e-06 | U77: =T77/T$15 -> 1.1462567e-06 | Z77: 1
A78: =A77+1 -> 62 | B78: Iridium Power Supply | C78: 3 | D78: =$D$10 -> 10.8 | E78: 0.0348 | F78: =D78*E78*0.2 -> 0.075168 | K78: 0 | L78: =Q$4*60 -> 4422.2222 | M78: =M92 -> 771 | N78: =M$7*60 -> 900 | O78: =(Q$4*60*M$6)/L78*K78+M$7*60/N78*M78 -> 771 | P78: =(Q$4*M$6+M$7)*60-O78 -> 26662.333 | Q78: =O78/(O78+P78) -> 0.028104496 | R78: =F78*O78 -> 57.954528 | S78: =J78*P78 -> 0 | T78: =((S78+R78)/(Q$4*M$6+M$7)/60)*Z78 -> 0.0021125587 | U78: =T78/T$15 -> 0.00081362396 | Z78: 1 | AA78: Note: 80% efficiency. Power is Vin*Iin*0.20
A79: =A78+1 -> 63 | B79: Persistor Power | C79: 3 | D79: 3.3 | E79: 0.0469 | F79: =E79*D79 -> 0.15477 | I79: 0.00563 | J79: =I79*13 -> 0.07319 | K79: =L79 -> 4422.2222 | L79: =Q$4*60 -> 4422.2222 | M79: =N79 -> 900 | N79: =M$7*60 -> 900 | O79: =(Q$4*60*M$6)/L79*K79+M$7*60/N79*M79 -> 27433.333 | P79: =(Q$4*M$6+M$7)*60-O79 -> 0 | Q79: =O79/(O79+P79) -> 1 | R79: =F79*O79 -> 4245.857 | S79: =J79*P79 -> 0 | T79: =((S79+R79)/(Q$4*M$6+M$7)/60)*Z79 -> 0.15477 | U79: =T79/T$15 -> 0.059607611 | Z79: =IF('Glider Parameters'!$E$22="Coastal",E$122,E$123) -> 1 | AB79: Go to low power mode during upcast
A80: =A79+1 -> 64 | B80: Ocean Pressure Sensor | C80: 2 | D80: 5 | E80: 0.0035 | F80: =D80*E80 -> 0.0175 | I80: 0 | J80: 0 | K80: 0.07 | L80: 4 | M80: 0 | N80: =M$7*60 -> 900 | O80: =(Q$4*60*M$6)/L80*K80+M$7*60/N80*M80 -> 464.33333 | P80: =(Q$4*M$6+M$7)*60-O80 -> 26969 | Q80: =O80/(O80+P80) -> 0.016925881 | R80: =F80*O80 -> 8.1258333 | S80: =J80*P80 -> 0 | T80: =((S80+R80)/(Q$4*M$6+M$7)/60)*Z80 -> 0.00029620292 | U80: =T80/T$15 -> 0.00011407862 | Z80: 1
A81: =A80+1 -> 65 | B81: GPS | C81: 2 | D81: 5 | E81: 0.093 | F81: =D81*E81 -> 0.465 | I81: 0 | J81: 0 | K81: 0 | L81: =Q$4*60 -> 4422.2222 | M81: 240 | N81: =M$7*60 -> 900 | O81: =(Q$4*60*M$6)/L81*K81+M$7*60/N81*M81 -> 240 | P81: =(Q$4*M$6+M$7)*60-O81 -> 27193.333 | Q81: =O81/(O81+P81) -> 0.0087484812 | R81: =F81*O81 -> 111.6 | S81: =J81*P81 -> 0 | T81: =((S81+R81)/(Q$4*M$6+M$7)/60)*Z81 -> 0.0040680437 | U81: =T81/T$15 -> 0.0015667531 | Z81: 1
A82: =A81+1 -> 66 | B82: Steering Fin | C82: 2 | R82: =SUM(R83:R84) -> 600.22247 | S82: =SUM(S83:S84) -> 0.00040752 | T82: =SUM(T83:T84) -> 0.021879327 | U82: =T82/T$15 -> 0.0084265325 | Z82: 1
A83: =A82+1 -> 67 | B83: Fin Motor | C83: 3 | D83: =$D$10 -> 10.8 | E83: =(-0.0032*M8+0.235) -> 0.2094 | F83: =D83*E83 -> 2.26152 | I83: 1e-09 | J83: =I83*15 -> 1.5e-08 | K83: 1 | L83: 100 | M83: 0 | N83: =M$7*60 -> 900 | O83: =(Q$4*60*M$6)/L83*K83+M$7*60/N83*M83 -> 265.33333 | P83: =(Q$4*M$6+M$7)*60-O83 -> 27168 | Q83: =O83/(O83+P83) -> 0.009671932 | R83: =F83*O83 -> 600.05664 | S83: =J83*P83 -> 0.00040752 | T83: =((S83+R83)/(Q$4*M$6+M$7)/60)*Z83 -> 0.021873282 | U83: =T83/T$15 -> 0.0084242044 | Z83: 1
A84: =A83+1 -> 68 | B84: Feedback Pot | C84: 3 | D84: 2.5 | E84: 0.00025 | F84: =D84*E84 -> 0.000625 | G84: 0.00025 | H84: 0.000625 | I84: 0 | J84: 0 | K84: =K83 -> 1 | L84: =L83 -> 100 | M84: 0 | N84: =M$7*60 -> 900 | O84: =(Q$4*60*M$6)/L84*K84+M$7*60/N84*M84 -> 265.33333 | P84: =(Q$4*M$6+M$7)*60-O84 -> 27168 | Q84: =O84/(O84+P84) -> 0.009671932 | R84: =F84*O84 -> 0.16583333 | S84: =J84*P84 -> 0 | T84: =((S84+R84)/(Q$4*M$6+M$7)/60)*Z84 -> 6.0449575e-06 | U84: =T84/T$15 -> 2.3281351e-06 | Z84: 1
A85: =A84+1 -> 69 | B85: PTT-Argos | C85: 2 | D85: =$D$10 -> 10.8 | E85: 0.154 | F85: =D85*E85 -> 1.6632 | I85: 0 | J85: 0 | K85: 0 | L85: =Q$4*60 -> 4422.2222 | M85: 3.93 | N85: 90 | O85: =(Q$4*60*M$6)/L85*K85+M$7*60/N85*M85 -> 39.3 | P85: =(Q$4*M$6+M$7)*60-O85 -> 27394.033 | Q85: =O85/(O85+P85) -> 0.0014325638 | R85: =F85*O85 -> 65.36376 | S85: =J85*P85 -> 0 | T85: =((S85+R85)/(Q$4*M$6+M$7)/60)*Z85 -> 0 | U85: =T85/T$15 -> 0 | Z85: ='Glider Parameters'!F21 -> 0
A86: =A85+1 -> 70 | B86: External Power | C86: 2 | D86: =$D$10 -> 10.8 | E86: 1e-07 | F86: =E86*D86 -> 1.08e-06 | K86: =L86 -> 4422.2222 | L86: =Q$4*60 -> 4422.2222 | M86: =N86 -> 900 | N86: =M$7*60 -> 900 | O86: =(Q$4*60*M$6)/L86*K86+M$7*60/N86*M86 -> 27433.333 | P86: =(Q$4*M$6+M$7)*60-O86 -> 0 | Q86: =O86/(O86+P86) -> 1 | R86: =F86*O86 -> 0.029628 | S86: =J86*P86 -> 0 | T86: =((S86+R86)/(Q$4*M$6+M$7)/60)*Z86 -> 1.08e-06 | U86: =T86/T$15 -> 4.1594767e-07 | Z86: 1
A87: =A86+1 -> 71 | B87: Burn Wire | C87: 2 | T87: =((S87+R87)/(Q$4*M$6+M$7)/60)*Z87 -> 0 | U87: =T87/T$15 -> 0 | Z87: 1
A88: =A87+1 -> 72 | B88: TNT Attitude Sensor | C88: 2 | D88: 5 | E88: 0.015 | F88: =E88*D88 -> 0.075 | I88: 0 | J88: =I88*D88 -> 0 | K88: 0.15 | L88: 4 | M88: =K88 -> 0.15 | N88: =L88 -> 4 | O88: =(Q$4*60*M$6)/L88*K88+M$7*60/N88*M88 -> 1028.75 | P88: =(Q$4*M$6+M$7)*60-O88 -> 26404.583 | Q88: =O88/(O88+P88) -> 0.0375 | R88: =F88*O88 -> 77.15625 | S88: =J88*P88 -> 0 | T88: =((S88+R88)/(Q$4*M$6+M$7)/60)*Z88 -> 0.0028125 | U88: =T88/T$15 -> 0.001083197 | Z88: =IF('Glider Parameters'!$E$22="Coastal",F$122,F$123) -> 1
A89: =A88+1 -> 73 | B89: Air Pump | C89: 2 | R89: =SUM(R90:R92) -> 138.43305 | S89: =SUM(S90:S92) -> 0 | T89: =SUM(T90:T92) -> 0.0050461622 | U89: =T89/T$15 -> 0.0019434624 | Z89: 1
A90: =A89+1 -> 74 | B90: Air Pump | C90: 3 | D90: =$D$10 -> 10.8 | E90: 0.099 | F90: =D90*E90 -> 1.0692 | G90: 214.53378 | H90: 2.1267834 | I90: 0 | J90: 0 | K90: 0 | L90: =Q$4*60 -> 4422.2222 | M90: 129 | N90: =M$7*60 -> 900 | O90: =(Q$4*60*M$6)/L90*K90+M$7*60/N90*M90 -> 129 | P90: =(Q$4*M$6+M$7)*60-O90 -> 27304.333 | Q90: =O90/(O90+P90) -> 0.0047023086 | R90: =F90*O90 -> 137.9268 | S90: =J90*P90 -> 0 | T90: =((S90+R90)/(Q$4*M$6+M$7)/60)*Z90 -> 0.0050277084 | U90: =T90/T$15 -> 0.0019363552 | Z90: 1
A91: =A90+1 -> 75 | B91: Air Solinoid | C91: 3 | D91: 6.75 | E91: 0.5 | F91: =D91*E91 -> 3.375 | G91: 0.5 | H91: =D91*G91 -> 3.375 | I91: 0 | J91: 0 | K91: 0 | L91: =Q$4*60 -> 4422.2222 | M91: 0.15 | N91: =M$7*60 -> 900 | O91: =(Q$4*60*M$6)/L91*K91+M$7*60/N91*M91 -> 0.15 | P91: =(Q$4*M$6+M$7)*60-O91 -> 27433.183 | Q91: =O91/(O91+P91) -> 5.4678007e-06 | R91: =F91*O91 -> 0.50625 | S91: =J91*P91 -> 0 | T91: =((S91+R91)/(Q$4*M$6+M$7)/60)*Z91 -> 1.8453827e-05 | U91: =T91/T$15 -> 7.1072467e-06 | Z91: 1
A92: =A91+1 -> 76 | B92: Air Pressure Sensor | C92: 3 | D92: 13 | E92: 0 | F92: =D92*E92 -> 0 | K92: 0 | L92: =Q$4*M$6*60 -> 26533.333 | M92: =N92-M90 -> 771 | N92: =M$7*60 -> 900 | O92: =(Q$4*60*M$6)/L92*K92+M$7*60/N92*M92 -> 771 | P92: =(Q$4*M$6+M$7)*60-O92 -> 26662.333 | Q92: =O92/(O92+P92) -> 0.028104496 | R92: =F92*O92 -> 0 | S92: =J92*P92 -> 0 | T92: =((S92+R92)/(Q$4*M$6+M$7)/60)*Z92 -> 0 | U92: =T92/T$15 -> 0 | Z92: 1
A93: =A92+1 -> 77 | B93: Iridium Phone/Modem | C93: 2 | D93: 4.4 | E93: =E78*D78*0.78/D93 -> 0.066626182 | F93: =D93*E93 -> 0.2931552 | I93: 0 | J93: =I93*13 -> 0 | K93: 0 | L93: =Q$4*60 -> 4422.2222 | M93: =M7*60-240 -> 660 | N93: =M$7*60 -> 900 | O93: =(Q$4*60*M$6)/L93*K93+M$7*60/N93*M93 -> 660 | P93: =(Q$4*M$6+M$7)*60-O93 -> 26773.333 | Q93: =O93/(O93+P93) -> 0.024058323 | R93: =F93*O93 -> 193.48243 | S93: =J93*P93 -> 0 | T93: =((S93+R93)/(Q$4*M$6+M$7)/60)*Z93 -> 0.0070528226 | U93: =T93/T$15 -> 0.002716301 | Z93: 1 | AA93: Measured on older version of phone.
A94: =A93+1 -> 78 | B94: LNA/Switch Board | C94: 2 | D94: =$D$10 -> 10.8 | E94: 0.018 | F94: =D94*E94 -> 0.1944 | G94: 0.014 | H94: =G94*10 -> 0.14 | I94: 0 | J94: 0 | K94: 0 | L94: =Q$4*60 -> 4422.2222 | M94: =M$7*60-240 -> 660 | N94: =M$7*60 -> 900 | O94: =(Q$4*60*M$6)/L94*K94+M$7*60/N94*M94 -> 660 | P94: =(Q$4*M$6+M$7)*60-O94 -> 26773.333 | Q94: =O94/(O94+P94) -> 0.024058323 | R94: =F94*O94 -> 128.304 | S94: =J94*P94 -> 0 | T94: =((S94+R94)/(Q$4*M$6+M$7)/60)*Z94 -> 0.004676938 | U94: =T94/T$15 -> 0.0018012606 | Z94: 1
A95: =A94+1 -> 79 | B95: FreeWave Modem | C95: 2 | D95: =$D$10 -> 10.8 | E95: 0.175 | F95: =D95*E95 -> 1.89 | I95: 0 | J95: 0 | K95: 0 | L95: =Q$4*60 -> 4422.2222 | M95: 20 | N95: =M$7*60 -> 900 | O95: =(Q$4*60*M$6)/L95*K95+M$7*60/N95*M95 -> 20 | P95: =(Q$4*M$6+M$7)*60-O95 -> 27413.333 | Q95: =O95/(O95+P95) -> 0.0007290401 | R95: =F95*O95 -> 37.8 | S95: =J95*P95 -> 0 | T95: =((S95+R95)/(Q$4*M$6+M$7)/60)*Z95 -> 0.0013778858 | U95: =T95/T$15 -> 0.00053067442 | Z95: ='Glider Parameters'!F20 -> 1 | AA95: Note: Current is with no carrier. Current is 0.07 when carrier is present. | AB95: Turn off if Iridium connection is present.
A96: =A95+1 -> 80 | B96: FreeWave Switch Board | C96: 2 | T96: =((S96+R96)/(Q$4*M$6+M$7)/60)*Z96 -> 0 | U96: =T96/T$15 -> 0 | Z96: 1
B97: ='Glider Parameters'!D50 -> UVP6 | D97: ='Glider Parameters'!H50 -> 0 | E97: ='Glider Parameters'!I50 -> 0 | F97: =D97*E97 -> 0 | K97: =L97/(2-'Glider Parameters'!F$35) -> 2211.1111 | L97: =Q$4*60 -> 4422.2222 | M97: 0 | N97: =M$7*60 -> 900 | O97: =(Q$4*60*M$6)/L97*K97+M$7*60/N97*M97 -> 13266.667 | P97: =(Q$4*M$6+M$7)*60-O97 -> 14166.667 | Q97: =O97/(O97+P97) -> 0.4835966 | R97: =F97*O97 -> 0 | S97: =J97*P97 -> 0 | T97: =((S97+R97)/(Q$4*M$6+M$7)/60)*Z97 -> 0 | U97: =T97/T$15 -> 0 | V97: ='Glider Parameters'!J50 -> 0 | W97: ='Glider Parameters'!K50 -> 0 | X97: =Y97/Q7 -> 0 | Y97: =IF(W97=0,0,O97*V97*Z97/(1000*W97)) -> 0 | Z97: ='Glider Parameters'!F50 -> 1
B98: ='Glider Parameters'!D51 -> EK80 | D98: ='Glider Parameters'!H51 -> 0 | E98: ='Glider Parameters'!I51 -> 0 | F98: =D98*E98 -> 0 | K98: =L98/(2-'Glider Parameters'!F$35) -> 2211.1111 | L98: =Q$4*60 -> 4422.2222 | M98: 0 | N98: =M$7*60 -> 900 | O98: =(Q$4*60*M$6)/L98*K98+M$7*60/N98*M98 -> 13266.667 | P98: =(Q$4*M$6+M$7)*60-O98 -> 14166.667 | Q98: =O98/(O98+P98) -> 0.4835966 | R98: =F98*O98 -> 0 | S98: =J98*P98 -> 0 | T98: =((S98+R98)/(Q$4*M$6+M$7)/60)*Z98 -> 0 | U98: =T98/T$15 -> 0 | V98: ='Glider Parameters'!J51 -> 0 | W98: ='Glider Parameters'!K51 -> 0 | X98: =Y98/Q8 -> 0 | Y98: =IF(W98=0,0,O98*V98*Z98/(1000*W98)) -> 0 | Z98: ='Glider Parameters'!F51 -> 1
B99: ='Glider Parameters'!D52 -> Hydrophone | D99: ='Glider Parameters'!H52 -> 0 | E99: ='Glider Parameters'!I52 -> 0 | F99: =D99*E99 -> 0 | K99: =L99/(2-'Glider Parameters'!F$35) -> 2211.1111 | L99: =Q$4*60 -> 4422.2222 | M99: 0 | N99: =M$7*60 -> 900 | O99: =(Q$4*60*M$6)/L99*K99+M$7*60/N99*M99 -> 13266.667 | P99: =(Q$4*M$6+M$7)*60-O99 -> 14166.667 | Q99: =O99/(O99+P99) -> 0.4835966 | R99: =F99*O99 -> 0 | S99: =J99*P99 -> 0 | T99: =((S99+R99)/(Q$4*M$6+M$7)/60)*Z99 -> 0 | U99: =T99/T$15 -> 0 | V99: ='Glider Parameters'!J52 -> 0 | W99: ='Glider Parameters'!K52 -> 0 | X99: =Y99/Q9 -> 0 | Y99: =IF(W99=0,0,O99*V99*Z99/(1000*W99)) -> 0 | Z99: ='Glider Parameters'!F52 -> 1
N101: Calculated Parameters (Data Node)
...
